Name,Description,Priority,Status,Estimate
Create comprehensive Terms of Service page,,High,To Do,4
Create Privacy Policy page,,High,To Do,4
Add cookie policy and consent management,,High,To Do,4
Legal disclaimer and liability limitations,,High,To Do,4
Data retention and deletion policies,,High,To Do,4
Feedback form/modal for user suggestions,,High,To Do,8
Bug reporting system with screenshot capture,,High,To Do,8
Help/FAQ section with searchable content,,High,To Do,8
Contact form for support inquiries,,High,To Do,8
Feature request voting system,,High,To Do,8
Global error boundary with user-friendly error pages,,High,To Do,12
Error logging and monitoring (Sentry/LogRocket),,High,To Do,12
Performance monitoring and alerts,,High,To Do,12
Uptime monitoring and status page,,High,To Do,12
User-facing error reporting with ticket IDs,,High,To Do,12
Proper meta tags, Open Graph, and Twitter cards,,High,To Do,6
Favicon and app icons for different platforms,,High,To Do,6
robots.txt and sitemap.xml,,High,To Do,6
App manifest for PWA functionality,,High,To Do,6
SEO optimization for landing/marketing pages,,High,To Do,6
Interactive tutorial/walkthrough for new users,,High,To Do,10
Feature introduction tooltips and guides,,High,To Do,10
Keyboard shortcuts help modal,,High,To Do,10
Video tutorials and documentation,,High,To Do,10
Contextual help system,,High,To Do,10
GDPR compliance features (data export, deletion),,High,To Do,12
CCPA compliance for California users,,High,To Do,12
Data anonymization options,,High,To Do,12
Consent management for analytics/cookies,,High,To Do,12
Regular security audits and penetration testing,,High,To Do,12
Feature flags system for gradual rollouts,,High,To Do,16
A/B testing framework,,High,To Do,16
Admin dashboard for app monitoring,,High,To Do,16
User analytics and usage tracking (privacy-compliant),,High,To Do,16
App version management and update notifications,,High,To Do,16
Edit bookmark content and metadata,,High,To Do,8
Bulk operations (select multiple, delete, tag, etc.) - Planned for list view implementation,,High,To Do,8
Duplicate bookmark detection,,High,To Do,8
Bookmark validation (check if URLs still work),,High,To Do,8
Recently deleted/trash functionality,,High,To Do,8
Move bookmarks between collections,,High,To Do,8
Collection management (rename, delete, share),,High,To Do,8
Nested collections/sub-folders,,High,To Do,8
Collection templates,,High,To Do,8
Content type filter (Article, Video, Tweet, etc.),,Normal,To Do,8
Save custom filter combinations,,Normal,To Do,8
Store filter state in Zustand,,Normal,To Do,8
Persist applied filters across sessions,,Normal,To Do,8
Full-text search across bookmark content,,Normal,To Do,8
Search history and saved searches,,Normal,To Do,8
Boolean search operators (AND, OR, NOT),,Normal,To Do,8
Search suggestions and autocomplete,,Normal,To Do,8
Filter by bookmark source/platform,,Normal,To Do,8
Tag creation and management interface,,Normal,To Do,8
Tag suggestions based on content,,Normal,To Do,8
Tag hierarchy/categories,,Normal,To Do,8
Bulk tag operations,,Normal,To Do,8
Tag analytics and usage stats,,Normal,To Do,8
Auto-tagging with AI,,Normal,To Do,8
Twitter/X API integration for importing bookmarks,,Normal,To Do,16
LinkedIn, Reddit, GitHub bookmarks support,,Normal,To Do,16
Browser extension for easy bookmark saving,,Normal,To Do,16
Import from browser bookmarks !!!!!NEXT!!!!!,Normal,To Do,16
Import from other bookmark managers !!!!!NEXT!!!!!,Normal,To Do,16
Automatic metadata extraction from URLs,,Normal,To Do,16
AI-powered bookmark categorization,,Normal,To Do,20
Content summarization for bookmarks,,Normal,To Do,20
Duplicate detection with AI,,Normal,To Do,20
Related bookmark suggestions,,Normal,To Do,20
Smart tag generation,,Normal,To Do,20
Trend analysis and insights,,Normal,To Do,20
Content quality scoring,,Normal,To Do,20
Add tagged: boolean field to bookmark interface (default: false),,Normal,To Do,12
Add aiGeneratedTags: string[] field to track AI vs user tags,,Normal,To Do,12
Create bulk tagging UI - button to auto-tag untagged bookmarks,,Normal,To Do,12
Implement progress indicator for tagging process,,Normal,To Do,12
Build review interface for AI-suggested tags,,Normal,To Do,12
Setup OpenAI API integration,,Normal,To Do,12
Implement content extraction for AI tagging,,Normal,To Do,12
Create prompt engineering for tag generation,,Normal,To Do,12
Add rate limiting and batch processing,,Normal,To Do,12
Implement tag validation and conflict resolution,,Normal,To Do,12
Add settings/preferences for auto-tagging,,Normal,To Do,12
List/Grid View Toggle with Drag & Drop & Multi-Select,,Normal,To Do,40
Compact/detailed view modes (beyond list/grid toggle),,Normal,To Do,8
Customizable dashboard layout,,Normal,To Do,8
Additional keyboard shortcuts (beyond multi-select),,Normal,To Do,8
Context menus (right-click actions),,Normal,To Do,8
Infinite scroll or pagination,,Normal,To Do,8
Loading states and skeletons,,Normal,To Do,8
User preferences and settings page,,Normal,To Do,8
Theme customization (colors, fonts, layout),,Normal,To Do,8
Notification preferences,,Normal,To Do,8
Privacy settings,,Normal,To Do,8
Data export preferences,,Normal,To Do,8
Keyboard shortcut customization,,Normal,To Do,8
Share individual bookmarks,,Normal,To Do,12
Share collections publicly or with specific users,,Normal,To Do,12
Collaborative collections,,Normal,To Do,12
Comments on bookmarks,,Normal,To Do,12
User profiles and following,,Normal,To Do,12
Public bookmark discovery,,Normal,To Do,12
Bookmark usage statistics,,Low,To Do,12
Reading time tracking,,Low,To Do,12
Most accessed content,,Low,To Do,12
Tag usage analytics,,Low,To Do,12
Content discovery patterns,,Low,To Do,12
Time-based analytics,,Low,To Do,12
Mobile responsive improvements,,Low,To Do,20
Touch gestures support,,Low,To Do,20
Mobile app (React Native),,Low,To Do,20
Desktop app (Electron),,Low,To Do,20
Browser extension,,Low,To Do,20
PWA (Progressive Web App) features,,Low,To Do,20
REST API for third-party integrations,,Low,To Do,16
Webhook support,,Low,To Do,16
RSS feed generation,,Low,To Do,16
Zapier/IFTTT integration,,Low,To Do,16
Slack/Discord bot integration,,Low,To Do,16
CLI tool for power users,,Low,To Do,16
Bookmark screenshots/thumbnails,,Low,To Do,16
PDF content extraction and search,,Low,To Do,16
Video timestamp bookmarking,,Low,To Do,16
Image OCR for searchable text,,Low,To Do,16
Content archiving (save page content),,Low,To Do,16
Content change monitoring,,Low,To Do,16
Offline support and sync,,Low,To Do,12
Performance optimization (virtual scrolling),,Low,To Do,12
Error handling and retry mechanisms,,Low,To Do,12
Rate limiting and caching,,Low,To Do,12
CDN integration for media,,Low,To Do,12
Performance monitoring,,Low,To Do,12
Unit tests for all components,,Normal,To Do,16
Integration tests for user flows,,Normal,To Do,16
E2E tests with Playwright/Cypress,,Normal,To Do,16
Performance testing,,Normal,To Do,16
Accessibility testing and improvements,,Normal,To Do,16
Code coverage reporting,,Normal,To Do,16
Storybook for component documentation,,Normal,To Do,12
API documentation,,Normal,To Do,12
Docker containerization,,Normal,To Do,12
CI/CD pipeline setup,,Normal,To Do,12
Automated deployment,,Normal,To Do,12
Environment management,,Normal,To Do,12
Input sanitization and validation,,Normal,To Do,12
XSS protection,,Normal,To Do,12
CSRF protection,,Normal,To Do,12
Data encryption,,Normal,To Do,12
Privacy compliance (GDPR, CCPA),,Normal,To Do,12
Security audit,,Normal,To Do,12